,longitude,latitude,Parish,Facility,Street,City,Address,Website,Phone
0,-92.209887,30.396925,Acadia,Church Point Community Pharmacy,731 S Main Street,Church Point,"731 S Main Street, Church Point, LA",http://www.communitypharmacyrx.com/,(337) 684-1911
1,-92.382277,30.230415,Acadia,Super 1 Pharmacy #639,2004 N Parkerson Avenue,Crowley,"2004 N Parkerson Avenue, Crowley, LA",https://www.super1foods.com/stores/crowley-639/6055,(337) 785-2421
2,-92.362087,30.230114,Acadia,Walgreens Pharmacy #10399,806 Odd Fellows Road,Crowley,"806 Odd Fellows Road, Crowley, LA",https://www.walgreens.com/covid19vac,
3,-92.269991,30.244977,Acadia,Rayne Medicine Shoppe,913 The Boulevard,Rayne,"913 The Boulevard, Rayne, LA",https://rayne.medicineshoppe.com/contact,(337) 334-3399
4,-90.991926,30.100381,Ascension,Viallon Drug Company of Donaldsonville,309 Marchand Drive,Donaldsonville,"309 Marchand Drive, Donaldsonville, LA",https://www.facebook.com/Viallon-Drug-Co-of-Donaldsonville-105102667610177/,(225) 725-4288
5,-90.98355,30.095299,Ascension,Walgreens Pharmacy #9753,1125 Marchand Drive,Donaldsonville,"1125 Marchand Drive, Donaldsonville, LA",https://www.walgreens.com/covid19vac,
6,-90.988407,30.254112,Ascension,Walgreens #11196,12506 Highway 73,Geismar,"12506 Highway 73, Geismar, LA",https://www.walgreens.com/covid19vac,
7,-90.923189,30.21878,Ascension,Bertrand's Pharmacy,2001 S Shirley Avenue,Gonzales,"2001 S Shirley Avenue, Gonzales, LA",https://bertrandspharmacy.com/contact,(225) 644-5641
8,-90.909586,30.233246,Ascension,Lagniappe Pharmacy #2,117 N Airline Highway,Gonzales,"117 N Airline Highway, Gonzales, LA",https://www.lagniapperx.com/locations,(225) 647-0111
9,-90.938633,30.321555,Ascension,Lagniappe Pharmacy #4,40017 Highway 42,Prairieville,"40017 Highway 42, Prairieville, LA",https://www.lagniapperx.com/locations,(225) 622-4817
10,-90.939744,30.321967,Ascension,Walgreens #13779,39527 Highway 42,Prairieville,"39527 Highway 42, Prairieville, LA",https://www.walgreens.com/covid19vac,
11,-90.869545,30.254339,Ascension,St. Amant Pharmacy,12502 Highway 431,St. Amant,"12502 Highway 431, St. Amant, LA",https://stamantpharmacy.com/contact,(225) 644-7288
12,-91.033863,29.95661,Assumption,Assumption Community Hospital Pharmacy,135 Highway 402,Napoleonville,"135 Highway 402, Napoleonville, LA",,(985) 369-3600
13,-91.029349,29.940632,Assumption,Reddy Family Medical Center, Napoleonville 154 Highway 1008,Napoleonville," Napoleonville 154 Highway 1008, Napoleonville, LA",https://reddyfamilymedicalclinic.com/,(985) 369-1880
14,-91.212469,29.958423,Assumption,Reddy Family Medical - Pierrepart,3407 Highway 70,Pierre Part,"3407 Highway 70, Pierre Part, LA",https://reddyfamilymedicalclinic.com/,(985) 252-1000
15,-92.06191,31.095904,Avoyelles,Walmart Pharmacy #1128,7162 Highway 1,Mansura,"7162 Highway 1, Mansura, LA",https://www.walmart.com/store/1128-marksville-la,(318) 253-4073
16,-92.06854,31.12014,Avoyelles,Avoyelles Community Health Center,338 Moreau Street,Marksville,"338 Moreau Street, Marksville, LA",https://docs.google.com/forms/d/e/1FAIpQLScoSyXmUE6w-llDU2XREjWL0NV7SQLC94-9UN2AngGvTqRd7w/viewform,(318) 597-8991
17,-92.080388,31.131496,Avoyelles,Don's Pharmasave,134 Rue Medecine Street,Marksville,"134 Rue Medecine Street, Marksville, LA",https://www.facebook.com/Dons-Pharmasave-347236548798253/,(318) 359-3774
18,-92.070154,31.125164,Avoyelles,Walgreens #11830,236 S Main Street,Marksville,"236 S Main Street, Marksville, LA",https://www.walgreens.com/covid19vac,
19,-93.299913,30.846282,Beauregard,Brookshire Brothers Pharmacy #50,1103 W First Street,DeRidder,"1103 W First Street, DeRidder, LA",https://www.brookshirebrothers.com/store-location/store-50,(337) 463-2258
20,-93.287222,30.860841,Beauregard,Walgreens #10537,916 N Pine Street,DeRidder,"916 N Pine Street, DeRidder, LA",https://www.walgreens.com/covid19vac,
21,-92.912984,32.558228,Bienville,Arcadia Family Pharmacy,1311 Hazel Street,Arcadia,"1311 Hazel Street, Arcadia, LA",https://www.arcadiafamilypharmacy.com/,(318) 263-3948
22,-93.28366,32.33539,Bienville,Bienville Community Health Center,3265 Military Rd,Ringgold,"3265 Military Rd, Ringgold, LA",,(318) 894-2341
23,-93.744577,32.678,Bossier,Brookshires Pharmacy #017,6280 Highway 3,Benton,"6280 Highway 3, Benton, LA",https://www.brookshires.com/stores/benton-17/6347,(318) 965-3667
24,-93.663101,32.458052,Bossier,Brookshires Pharmacy #107,4918 Barksdale Boulevard,Bossier City,"4918 Barksdale Boulevard, Bossier City, LA",https://www.brookshires.com/stores/bossier-city-107/6320,(318) 549-2107
25,-93.709449,32.534553,Bossier,David Raines CHC - Bossier,1514 Doctors Drive,Bossier City,"1514 Doctors Drive, Bossier City, LA",https://www.davidraineschc.org/locations,(318) 549-2500​
26,-93.706465,32.55068,Bossier,Kroger Pharmacy #534,1050 George Dement Boulevard,Bossier City,"1050 George Dement Boulevard, Bossier City, LA",https://www.kroger.com/rx/guest/get-vaccinated,(318) 747-3162
27,-93.69473,32.519644,Bossier,Super 1 Pharmacy #616,1870 Airline Drive,Bossier City,"1870 Airline Drive, Bossier City, LA",https://www.super1foods.com/stores/bossier-city-616/6032,(318) 746-8401
28,-93.711011,32.566136,Bossier,Walgreens #9998,3400 Airline Drive,Bossier City,"3400 Airline Drive, Bossier City, LA",https://www.walgreens.com/covid19vac,
29,-93.61239,32.55606,Bossier,Brookshires Pharmacy #057,1125 East Highway 80,Haughton,"1125 East Highway 80, Haughton, LA",https://www.brookshires.com/stores/haughton-57/6386,(318) 949-4131
30,-93.699629,32.905638,Bossier,"Kelly Pharmacy, Inc.",302 E Palmetto Avenue,Plain Dealing,"302 E Palmetto Avenue, Plain Dealing, LA",http://www.kellyrx.com/,(318) 326-4229
31,-93.70862,32.45635,Caddo,Albertsons/Savon #218,105 E Southfield Road,Shreveport,"105 E Southfield Road, Shreveport, LA",https://www.mhealthsystem.com/Albertsons0218,
32,-93.778273,32.483555,Caddo,Boudreaux's Compounding Pharmacy,2551 Greenwood Road,Shreveport,"2551 Greenwood Road, Shreveport, LA",https://www.boudreauxscompounding.com/,(318) 631-2005
33,-93.74633,32.45498,Caddo,Brookshires Pharmacy #018,5828 Line Avenue,Shreveport,"5828 Line Avenue, Shreveport, LA",https://www.brookshires.com/stores/shreveport-18/6348,(318) 869-0669
34,-93.781927,32.558349,Caddo,Brookshires Pharmacy #024,3000 N Market Street,Shreveport,"3000 N Market Street, Shreveport, LA",https://www.brookshires.com/stores/shreveport-24/6355,(318) 424-5560
35,-93.80618,32.40145,Caddo,Brookshires Pharmacy #037,9250 Mansfield Road,Shreveport,"9250 Mansfield Road, Shreveport, LA",https://www.brookshires.com/stores/shreveport-37/6367,(318) 686-6311
36,-93.82841,32.53692,Caddo,David Raines CHC - Shreveport North,1625 David Raines Road,Shreveport,"1625 David Raines Road, Shreveport, LA",https://www.davidraineschc.org/locations,(318) 425-2252
37,-93.78724,32.44154,Caddo,David Raines CHC - Shreveport West,3021 W 70th Street,Shreveport,"3021 W 70th Street, Shreveport, LA",https://www.davidraineschc.org/locations,(318) 507-3140
38,-93.70827,32.45481,Caddo,Drug Emporium #210,5819 E Kings Highway,Shreveport,"5819 E Kings Highway, Shreveport, LA",https://www.drugemporiuminc.com/stores/shreveport-la/,(318) 861-7896
39,-93.728496,32.393758,Caddo,Kroger Pharmacy #533,9484 Ellerbe Road,Shreveport,"9484 Ellerbe Road, Shreveport, LA",https://www.kroger.com/rx/guest/get-vaccinated,(318) 517-6973
40,-93.721415,32.44463,Caddo,Kroger Pharmacy #539,6652 Youree Drive,Shreveport,"6652 Youree Drive, Shreveport, LA",https://www.kroger.com/rx/guest/get-vaccinated,(318) 795-9966
41,-93.779614,32.454491,Caddo,Super 1 Pharmacy #608,2640 Waggoner Avenue,Shreveport,"2640 Waggoner Avenue, Shreveport, LA",https://www.super1foods.com/stores/shreveport-608/6025,(318) 631-2065
42,-93.796372,32.475172,Caddo,Walgreens #05181,3555 Greenwood Road,Shreveport,"3555 Greenwood Road, Shreveport, LA",https://www.walgreens.com/covid19vac,
43,-93.740409,32.482256,Caddo,Brookshires Pharmacy #78,510 Kings Hwy,Shreveport,"510 Kings Hwy, Shreveport, LA",https://www.brookshires.com/stores/shreveport-78/6405,(318) 424-0853
44,-93.437595,30.450927,Calcasieu,Brookshire Brothers Pharmacy #31,300 West Fourth Street,DeQuincy,"300 West Fourth Street, DeQuincy, LA",https://www.brookshirebrothers.com/store-location/store-31,(337) 786-5863
45,-93.265405,30.169691,Calcasieu,Albertsons/Savon #2798,2750 Country Club Road,Lake Charles,"2750 Country Club Road, Lake Charles, LA",https://www.mhealthsystem.com/Albertsons2798,
46,-93.22035,30.18509,Calcasieu,Albertsons/Savon #717,4060 Ryan Street South,Lake Charles,"4060 Ryan Street South, Lake Charles, LA",https://www.mhealthsystem.com/Albertsons0717,
47,-93.216411,30.197945,Calcasieu,Boudreaux's New Drug Store,404 E Prien Lake Road,Lake Charles,"404 E Prien Lake Road, Lake Charles, LA",https://covidlakecharles.com,(337) 436-7216
48,-93.209633,30.18547,Calcasieu,Genoa Healthcare Pharmacy #10938,4105 Kirkman Street,Lake Charles,"4105 Kirkman Street, Lake Charles, LA",https://www.genoahealthcare.com/locations/louisiana/,(337) 426-0906
49,-93.263987,30.168985,Calcasieu,Hobgood Pharmacy,2640 Country Club Road,Lake Charles,"2640 Country Club Road, Lake Charles, LA",https://www.hobgoodrx.net/,(337) 602-6027
50,-93.251795,30.170522,Calcasieu,Kroger Pharmacy #394,2010 Country Club Road,Lake Charles,"2010 Country Club Road, Lake Charles, LA",https://www.kroger.com/rx/guest/get-vaccinated,(337) 990-4902
51,-93.202,30.31934,Calcasieu,Pettit's Family Pharmacy,114 Gloria Drive,Lake Charles,"114 Gloria Drive, Lake Charles, LA",https://www.pettitspharmacy.com/,(337) 405-7880
52,-93.180888,30.212721,Calcasieu,Walgreens #3373,2000 Gertsner Memorial Drive,Lake Charles,"2000 Gertsner Memorial Drive, Lake Charles, LA",https://www.walgreens.com/covid19vac,
53,-93.219564,30.205986,Calcasieu,Walgreens #6219,2636 Ryan Street,Lake Charles,"2636 Ryan Street, Lake Charles, LA",https://www.walgreens.com/covid19vac,
54,-93.194888,30.301025,Calcasieu,Walgreens #7197,120 N Highway 171,Moss Bluff,"120 N Highway 171, Moss Bluff, LA",https://www.walgreens.com/covid19vac,
55,-93.376327,30.225435,Calcasieu,Brookshire Brothers Pharmacy #47,1612 Ruth Street,Sulphur,"1612 Ruth Street, Sulphur, LA",https://www.brookshirebrothers.com/store-location/store-47,(337) 527-0033
56,-93.360022,30.227756,Calcasieu,Walgreens #2920,1021 Beglis Parkway,Sulphur,"1021 Beglis Parkway, Sulphur, LA",https://www.walgreens.com/covid19vac,
57,-92.08011,32.15368,Caldwell,Caldwell Drug,8141 Highway 165,Columbia,"8141 Highway 165, Columbia, LA",https://www.facebook.com/Caldwell-Drug-108338354288122/,(318) 502-4032
58,-92.08011,32.15368,Caldwell,J & K Drugs,7190 Highway 165,Columbia,"7190 Highway 165, Columbia, LA",,(318) 649-0825
59,-93.125635,29.81602,Cameron,South Cameron Hospital,5360 W Creole Highway,Cameron,"5360 W Creole Highway, Cameron, LA",,(337) 605-0531
60,-91.815562,31.623721,Catahoula,Catahoula Parish Health Unit (@ Jonesville Armory),610 Dorothy Drive,Jonesville,"610 Dorothy Drive, Jonesville, LA",https://laredcap.oph.dhh.la.gov/surveys/?s=NL487F89T9,(318) 339-8352
61,-93.139248,32.961197,Claiborne,"Ted's Pharmacy, LLC",1866 Main Street,Haynesville,"1866 Main Street, Haynesville, LA",http://www.tedsrx.com/,(318) 624-1053
62,-93.057094,32.80056,Claiborne,Brookshires Pharmacy #066,817 W Main Street,Homer,"817 W Main Street, Homer, LA",https://www.brookshires.com/stores/homer-66/6393,(318) 927-9651
63,-93.055927,32.801599,Claiborne,Claiborne Pharmacy,833 W Main Street,Homer,"833 W Main Street, Homer, LA",https://www.claibornepharmacy.com/,(318) 927-3523
64,-91.556051,31.649472,Concordia,Scott's Pharmacy Ferriday,114 Serio Boulevard,Ferriday,"114 Serio Boulevard, Ferriday, LA",https://www.scottspharmacy.org/#tab6,(318) 757-3035
65,-91.467633,31.574336,Concordia,"Book's Pharmacy, LTD",1158 Logan Sewell Drive,Vidalia,"1158 Logan Sewell Drive, Vidalia, LA",https://www.bookspharmacy.com/contact,(318) 414-2616
66,-91.427752,31.567113,Concordia,Reeves Drug Store,307 Carter Street,Vidalia,"307 Carter Street, Vidalia, LA",https://reevesdrugs.com/locations,(318) 336-5112
67,-93.696742,32.038174,DeSoto,Brookshires Pharmacy #091,1117 Polk Street,Mansfield,"1117 Polk Street, Mansfield, LA",https://www.brookshires.com/stores/mansfield-91/6418,(318) 871-2976
68,-91.128604,30.581838,East Baton Rouge,Walgreens Pharmacy #13875,6485 Groom Road,Baker,"6485 Groom Road, Baker, LA",https://www.walgreens.com/covid19vac,
69,-91.015028,30.406403,East Baton Rouge,Albertsons/Savon #3713,15232 George O'Neal Road,Baton Rouge,"15232 George O'Neal Road, Baton Rouge, LA",https://www.mhealthsystem.com/Albertsons3713,
70,-91.008574,30.357554,East Baton Rouge,Albertsons/Savon #3747,15128 Airline Highway,Baton Rouge,"15128 Airline Highway, Baton Rouge, LA",https://www.mhealthsystem.com/Albertsons3747,
71,-91.140187,30.445041,East Baton Rouge,Albertsons/Savon #3750,4857 Government Street,Baton Rouge,"4857 Government Street, Baton Rouge, LA",https://www.mhealthsystem.com/Albertsons3750,
72,-91.141056,30.421924,East Baton Rouge,Albertsons/Savon #709,2950 College Drive,Baton Rouge,"2950 College Drive, Baton Rouge, LA",https://www.mhealthsystem.com/Albertsons0709,
73,-91.114878,30.433607,East Baton Rouge,"Bocage Pharmacy Centre, Inc.",7150 Jefferson Highway,Baton Rouge,"7150 Jefferson Highway, Baton Rouge, LA",https://www.bocagepharmacycentre.com/,(225) 364-2847
74,-91.156185,30.450026,East Baton Rouge,"CareSouth, Capitol City Family Health Baton Rouge #2",3140 Florida Street,Baton Rouge,"3140 Florida Street, Baton Rouge, LA",https://www.caresouth.org/locations/baton-rouge/,(225) 650-2000
75,-91.116984,30.474088,East Baton Rouge,Genoa Healthcare Pharmacy #10620,2751 Wooddale Boulevard,Baton Rouge,"2751 Wooddale Boulevard, Baton Rouge, LA",https://www.genoahealthcare.com/locations/louisiana/,(225) 362-5342
76,-91.090621,30.419259,East Baton Rouge,Lagniappe Pharmacy #3,3490 Drusilla Lane,Baton Rouge,"3490 Drusilla Lane, Baton Rouge, LA",https://www.lagniapperx.com/locations,(225) 367-6488
77,-91.101838,30.446956,East Baton Rouge,RKM Primary Care - Livingston,455 East Airport Ave.,Baton Rouge,"455 East Airport Ave., Baton Rouge, LA",https://rkmcare.org/,
78,-91.112244,30.398036,East Baton Rouge,The Baton Rouge Clinic,7373 Perkins Road,Baton Rouge,"7373 Perkins Road, Baton Rouge, LA",https://batonrougeclinic.com/hours/,(225) 246-9240
79,-91.153407,30.443844,East Baton Rouge,Walgreens #02995,3550 Government Street,Baton Rouge,"3550 Government Street, Baton Rouge, LA",https://www.walgreens.com/covid19vac,
80,-91.152575,30.498954,East Baton Rouge,Walgreens #2982,5450 Plank Road,Baton Rouge,"5450 Plank Road, Baton Rouge, LA",https://www.walgreens.com/covid19vac,
81,-91.109514,30.430357,East Baton Rouge,Walgreens #3399,7620 Jefferson Highway,Baton Rouge,"7620 Jefferson Highway, Baton Rouge, LA",https://www.walgreens.com/covid19vac,
82,-91.123346,30.40586,East Baton Rouge,Prescriptions to Geaux #2,6251 Perkins Road,Baton Rouge,"6251 Perkins Road, Baton Rouge, LA",https://www.rxtogeaux.com/perkins,(225) 364-4337; (225) 361-1392
83,-90.998886,30.517608,East Baton Rouge,Bellingrath Pharmacy,17070 Greenwell Springs Road,Greenwell Spring,"17070 Greenwell Springs Road, Greenwell Spring, LA",https://www.bellingrathpharmacy.com/contact,(225) 508-4977
84,-91.158086,30.650116,East Baton Rouge,Dry's Pharmacy,4344 Church Street,Zachary,"4344 Church Street, Zachary, LA",https://dryspharmacy.com/,(225) 654-1175
85,-91.180829,30.652792,East Baton Rouge,Medical Pharmacy West,2250 Church Street,Zachary,"2250 Church Street, Zachary, LA",http://medicalpharmacyla.com/contact.php,(225) 658-8101
86,-91.137481,30.650868,East Baton Rouge,Southeast Community Health - Zachary,6351 Main Street,Zachary,"6351 Main Street, Zachary, LA",https://www.shchc.org/locations,(225) 306-2000
87,-91.110031,30.396623,East Baton Rouge,Albertons/Savon #1311,7515 Perkins Road,Baton Rouge,"7515 Perkins Road, Baton Rouge, LA",https://www.mhealthsystem.com/Albertsons1311,
88,-91.150935,30.448833,East Baton Rouge,Open Health Care Clinics,3801 North Boulevard,Baton Rouge,"3801 North Boulevard, Baton Rouge, LA",https://www.ohcc.org/location,(225) 655-6422
89,-91.171153,32.808943,East Carroll,Fred's Pharmacy #3958,303 N Hood Steret,Lake Providence,"303 N Hood Steret, Lake Providence, LA",https://www.facebook.com/expressrxlakeprovidence/,(318) 559-2433
90,-91.009596,30.857448,East Feliciana,Curry Pharmacy,10463 Plank Road,Clinton,"10463 Plank Road, Clinton, LA",https://www.currypharmacy-clinton.com/clinton-location,(225) 953-7198
91,-91.214925,30.837416,East Feliciana,McDonald Pharmacy,1701 Charter Street,Jackson,"1701 Charter Street, Jackson, LA",https://www.facebook.com/mcdonaldpharmacy/,(225) 634-2470
92,-91.022377,30.86496,East Feliciana,RKM Primary Care - East Baton Rouge,11990 Jackson Street,Clinton,"11990 Jackson Street, Clinton, LA",https://rkmcare.org/,
93,-91.022377,30.86496,East Feliciana,RKM Primary Care - Loranger,11990 Jackson Street,Clinton,"11990 Jackson Street, Clinton, LA",https://rkmcare.org/,
94,-91.022377,30.86496,East Feliciana,RKM Primary Care - West Baton Rouge,11990 Jackson Street,Clinton,"11990 Jackson Street, Clinton, LA",https://rkmcare.org/,
95,-92.419719,30.636755,Evangeline,Reed's Family Pharmacy,1009 Sixth Street,Mamou,"1009 Sixth Street, Mamou, LA",https://www.facebook.com/reedspharmacyrx/,(337) 550-4407
96,-92.27424,30.68829,Evangeline,Evangeline Drug Store,10 W Main Street,Ville Platte,"10 W Main Street, Ville Platte, LA",,(337) 363-3456
97,-92.25744,30.69275,Evangeline,Thrifty Way Pharmacy of Ville Platte,1011 W Lincoln Road,Ville Platte,"1011 W Lincoln Road, Ville Platte, LA",mailto:twpharm@yahoo.com,(337) 831-3628
98,-91.719684,32.165446,Franklin,K & S Drugs,802 Adams Street,Winnsboro,"802 Adams Street, Winnsboro, LA",http://www.kandsdrugs.com/,(318) 435-7858
99,-91.728448,32.180922,Franklin,Walmart Pharmacy #976/Winnsboro,3360 Front Street,Winnsboro,"3360 Front Street, Winnsboro, LA",https://www.walmart.com/store/976-winnsboro-la,(318) 435-9011
100,-92.69008,31.52377,Grant,Grant Community Health Center,340 Webb Smith Drive,Colfax,"340 Webb Smith Drive, Colfax, LA",https://docs.google.com/forms/d/e/1FAIpQLScoSyXmUE6w-llD,(318) 627-5021
101,-92.405218,31.46586,Grant,East Grant Community Health Center,9465 US Highway 165,Pollock,"9465 US Highway 165, Pollock, LA",https://docs.google.com/forms/d/e/1FAIpQLScoSyXmUE6w-llD,(318) 310-2510
102,-91.811115,29.988471,Iberia,Iberia Comprehensive Community Health Cen,806 Jefferson Terrace Boulevar,New Iberia,"806 Jefferson Terrace Boulevar, New Iberia, LA",https://www.icchc.org/contact,(337) 365-4945
103,-91.792664,30.007417,Iberia,L & M Pharmacy,1033 Andre Street,New Iberia,"1033 Andre Street, New Iberia, LA",https://www.lmpharmacy.com/contact,(337) 365-1411
104,-91.819031,29.986454,Iberia,Super 1 Pharmacy #621,939 S Lewis Street,New Iberia,"939 S Lewis Street, New Iberia, LA",https://www.super1foods.com/stores/new-iberia-621/6037,(337) 364-1368
105,-91.83243,30.019803,Iberia,Walgreens #17524,1150 W St. Peter Street,New Iberia,"1150 W St. Peter Street, New Iberia, LA",https://www.walgreens.com/covid19vac,
106,-91.815633,29.985693,Iberia,Walmart Pharmacy #533/New Iberia,1205 E Admiral Doyle Drive,New Iberia,"1205 E Admiral Doyle Drive, New Iberia, LA",https://www.walmart.com/store/533-new-iberia-la,(337) 364-3841
107,-91.798216,30.00111,Iberia,Walmart Pharmacy #5773/New Iberia,1201 Parkview Drive,New Iberia,"1201 Parkview Drive, New Iberia, LA",https://www.walmart.com/store/5773-new-iberia-la,(337) 551-6570
108,-91.233077,30.286383,Iberville,Goudeau's Pharmacy,57930 LaBauve Avenue,Plaquemine,"57930 LaBauve Avenue, Plaquemine, LA",https://www.goudeauspharmacy.com/hours-location,(225) 687-4349
109,-91.22702,30.28271,Iberville,Walgreens Pharmacy #21157,24555 Highway 1,Plaquemine,"24555 Highway 1, Plaquemine, LA",https://www.walgreens.com/covid19vac,
110,-91.1473,30.1681,Iberville,Viallon Drug Co.,32555 Bowie Street,White Castle,"32555 Bowie Street, White Castle, LA",https://viallondrug.com/contact,(225) 545-2402
111,-92.729102,32.270164,Jackson,Mercy Medical Health Center,4633 Quitman Highway,Hodge,"4633 Quitman Highway, Hodge, LA",https://www.facebook.com/mercymedicalllc/,(318) 259-1100
112,-92.712457,32.241047,Jackson,Mitchell's Pharmacy,202 E Main Street,Jonesboro,"202 E Main Street, Jonesboro, LA",https://www.mitchellspharmacy.com/contact,(318) 259-7466
113,-90.05133,29.912222,Jefferson,Carr Drugs #2,91 Westbank Expressway,Gretna,"91 Westbank Expressway, Gretna, LA",https://www.carrdrugs.com/locations,(504) 366-1200
114,-90.02756,29.884437,Jefferson,Ochsner Pharmacy and Wellness West Bank,2500 Belle Chasse Highway,Gretna,"2500 Belle Chasse Highway, Gretna, LA",https://www.ochsner.org/locations/pharmacy-wellness-ochsne,(504) 595-8180
115,-90.061446,29.90641,Jefferson,Priority Health Care,12a Westbank Expressway,Gretna,"12a Westbank Expressway, Gretna, LA",https://www.priorityhealthcare.org/pharmacy,(504) 509-5442
116,-90.20265,29.93557,Jefferson,Ciolino Drugs,7335 Jefferson Highway,Harahan,"7335 Jefferson Highway, Harahan, LA",https://www.ciolinodrugs.com/,(504) 602-9744
117,-90.21051,29.93694,Jefferson,Walgreens Pharmacy #17199,8225 Jefferson Highway,Harahan,"8225 Jefferson Highway, Harahan, LA",https://www.walgreens.com/covid19vac,
118,-90.04819,29.876259,Jefferson,Walgreens #3156,1556 Lapalco Boulevard,Harvey,"1556 Lapalco Boulevard, Harvey, LA",https://www.walgreens.com/covid19vac,
119,-90.08837,29.89721,Jefferson,Westbank Pharmacy,3709 Westbank Expressway,Harvey,"3709 Westbank Expressway, Harvey, LA",,(504) 340-0777
120,-90.18179,29.95646,Jefferson,LaPharmacy,839 S Clearview Parkway,Jefferson,"839 S Clearview Parkway, Jefferson, LA",https://mylapharmacy.com/contact/,(504) 581-8876
121,-90.237409,30.025511,Jefferson,All Saints Pharmacy,2124 38th Street,Kenner,"2124 38th Street, Kenner, LA",https://www.allsaintspharmacy.com/contact,(504) 443-1294
122,-90.23389,30.018551,Jefferson,Comeaux Pharmacy,2305 West Esplanade Avenue,Kenner,"2305 West Esplanade Avenue, Kenner, LA",https://www.comeauxpharmacy.com/ ,(504) 305-1745
123,-90.239429,30.024095,Jefferson,DePaul Community Health Centers - Kenner,3715 Williams Boulevard,Kenner,"3715 Williams Boulevard, Kenner, LA",https://www.depaulcommunityhealthcenters.org/locations,(504) 468-4437
124,-90.270791,30.024552,Jefferson,Ochsner Pharmacy and Wellness Kenner,200 W Esplanade Avenue,Kenner,"200 W Esplanade Avenue, Kenner, LA",https://www.ochsner.org/locations/pharmacy-wellness-ochsne,(504) 464-8250
125,-90.238132,30.030938,Jefferson,Walgreens Pharmacy #12924,4100 Williams Boulevard,Kenner,"4100 Williams Boulevard, Kenner, LA",https://www.walgreens.com/covid19vac,
126,-90.10091,29.89354,Jefferson,JeffCare West Jefferson Health Center,5001 West Bank Expressway,Marrero,"5001 West Bank Expressway, Marrero, LA",https://www.jphsa.org/jeffcare,(504) 349-8833
127,-90.098498,29.903608,Jefferson,Rose's Pharmacy,4704 4th Street,Marrero,"4704 4th Street, Marrero, LA",,(504) 301-2900
128,-90.158826,30.013278,Jefferson,"A-1 Pharmacy Metairie, LLC",3501 Severn Avenue,Metairie,"3501 Severn Avenue, Metairie, LA",https://a1dp.com/locations/metairie,(504) 875-2330
129,-90.16301,30.014051,Jefferson,Chateau Drugs,3544 W Esplanade Avenue,Metairie,"3544 W Esplanade Avenue, Metairie, LA",http://www.chateaudrugsrx.com/,(504) 889-2300
130,-90.1554,29.975365,Jefferson,Depaul CHC - Metairie,111 N Causeway Boulevard,Metairie,"111 N Causeway Boulevard, Metairie, LA",https://www.depaulcommunityhealthcenters.org/locations,(504) 482-0084
131,-90.163361,29.997144,Jefferson,JeffCare East Jefferson Health Center,3616 S I-10 Service Road West,Metairie,"3616 S I-10 Service Road West, Metairie, LA",https://www.jphsa.org/jeffcare,(504) 838-5257
132,-90.135901,30.002091,Jefferson,NOLA Discount Pharmacy of Metairie,1107 Veterans Boulevard,Metairie,"1107 Veterans Boulevard, Metairie, LA",https://www.nolapharmacy.com/locations/veterans-location,(504) 835-6060
133,-90.20082,30.01684,Jefferson,Vinnie's Pharmacy,5004 West Esplanade Avenue,Metairie,"5004 West Esplanade Avenue, Metairie, LA",https://www.vinniesrx.com/,(504) 420-7979
134,-90.178786,29.976015,Jefferson,Walgreens #15571,4501 Airline Drive,Metairie,"4501 Airline Drive, Metairie, LA",https://www.walgreens.com/covid19vac,
135,-90.218269,29.958147,Jefferson,Walgreens #13658,9705 Jefferson Highway,River Ridge,"9705 Jefferson Highway, River Ridge, LA",https://www.walgreens.com/covid19vac,
136,-90.144389,29.897785,Jefferson,Walgreens #5230,818 Westbank Expressway,Westwego,"818 Westbank Expressway, Westwego, LA",https://www.walgreens.com/covid19vac,
137,-90.2182,29.91102,Jefferson,InclusivCare RFK Jean Lafitte Clinic,3932 U. S. Highway 90,Avondale,"3932 U. S. Highway 90, Avondale, LA",https://jchcc.org/,(504) 689-3300
138,-90.2182,29.91102,Jefferson,JCHCC InclusivCare - Avondale,3932 U. S. Highway 90,Avondale,"3932 U. S. Highway 90, Avondale, LA",https://jchcc.org/,(504) 436-2223
139,-90.239849,30.003021,Jefferson,JCHCC InclusivCare - Kenner,2552 Williams Boulevard,Kenner,"2552 Williams Boulevard, Kenner, LA",https://jchcc.org/,(504) 463-3002
140,-90.12661,29.882924,Jefferson,JCHCC InclusivCare - Marrero,7017 Lapalco Boulevard,Marrero,"7017 Lapalco Boulevard, Marrero, LA",https://jchcc.org/,(504) 341-4006
141,-92.663349,30.240968,Jefferson Davis,Walgreens #10577,1804 Elton Road,Jennings,"1804 Elton Road, Jennings, LA",https://www.walgreens.com/covid19vac,
142,-92.655565,30.244317,Jefferson Davis,Walmart Pharmacy #386/Jennings,303 E Interstate Drive,Jennings,"303 E Interstate Drive, Jennings, LA",https://www.walmart.com/store/386-jennings-la,(337) 824-9010
143,-91.948675,30.139874,Lafayette,Albertsons/Savon #2756,1210 Albertsons Parkway,Broussard,"1210 Albertsons Parkway, Broussard, LA",https://www.mhealthsystem.com/Albertsons2756 ,
144,-91.963749,30.148264,Lafayette,Towne Pharmacy,103 E Main Street,Broussard,"103 E Main Street, Broussard, LA",https://www.mytownepharmacy.com/contact,(337) 839-8880
145,-91.944635,30.14137,Lafayette,Walgreens Pharmacy #10126,105 St. Nazaire Road,Broussard,"105 St. Nazaire Road, Broussard, LA",https://www.walgreens.com/covid19vac,
146,-92.040386,30.32137,Lafayette,"Melancon Pharmacy, Inc.",730 Veterans Drive,Carencro,"730 Veterans Drive, Carencro, LA",,(337) 896-8434
147,-92.185795,30.235821,Lafayette,Duson's Cashway Pharmacy,110 W First Street,Duson,"110 W First Street, Duson, LA",https://cashwayinscott.com/,(337) 935-6439
148,-92.05723,30.219948,Lafayette,Genoa Healthcare Pharmacy #20172,302 Dulles Drive,Lafayette,"302 Dulles Drive, Lafayette, LA",https://www.genoahealthcare.com/locations/louisiana/,(337) 326-5710
149,-92.030863,30.244594,Lafayette,Medicine Bin Plus,1105 W Willow Street,Lafayette,"1105 W Willow Street, Lafayette, LA",,(337) 408-8800
150,-92.09338,30.152148,Lafayette,Neighbors Pharmacy,6770 Johnston Street,Lafayette,"6770 Johnston Street, Lafayette, LA",https://neighborspharmacy.com/contact-us/,(337) 706-7706
151,-92.074223,30.184142,Lafayette,Stafford HealthCare Walk-in Clinic,207 Westmark Boulevard,Lafayette,"207 Westmark Boulevard, Lafayette, LA",http://www.staffordclinic.com/,(337) 981-6811
152,-92.065776,30.172806,Lafayette,Super 1 Pharmacy #623,3747 Ambassador Caffery,Lafayette,"3747 Ambassador Caffery, Lafayette, LA",https://www.super1foods.com/stores/lafayette-623/6039,(337) 988-2278
153,-92.016164,30.244004,Lafayette,Super 1 Pharmacy #627,215 W Willow Street,Lafayette,"215 W Willow Street, Lafayette, LA",https://www.super1foods.com/stores/lafayette-627/6043,(337) 572-9053
154,-92.000871,30.225174,Lafayette,Surrey Street Community Health Center,1004 Surrey Street,Lafayette,"1004 Surrey Street, Lafayette, LA",https://www.icchc.org/lafayetter-la,(337) 456-6768
155,-92.094486,30.235384,Lafayette,Scott Pharmacy,1000 St. Mary Street,Scott,"1000 St. Mary Street, Scott, LA",,(337) 235-5216
156,-92.110574,30.251675,Lafayette,Super 1 Pharmacy #643,200 Destination Pointe Lane,Scott,"200 Destination Pointe Lane, Scott, LA",https://www.super1foods.com/stores/scott-643/6059,(337) 210-2001
157,-92.008192,30.134215,Lafayette,Super 1 Pharmacy #645,1500 Bonin Road,Youngsville,"1500 Bonin Road, Youngsville, LA",https://www.super1foods.com/stores/youngsville-645/6061,(337) 573-6176
158,-90.69436,29.65187,Lafourche,Willow Bark Pharmacy #1,2138 Bayou Blue Road,Houma,"2138 Bayou Blue Road, Houma, LA",http://www.willowbarkpharmacy.com/about_us.html,(985) 876-5502
159,-90.35577,29.55938,Lafourche,Walgreens Pharmacy #17785,13998 W Main Street,Larose,"13998 W Main Street, Larose, LA",https://www.walgreens.com/covid19vac,
160,-90.564681,29.701759,Lafourche,Ochsner Pharmacy and Wellness St Anne,108 Acadia Park Drive,Raceland,"108 Acadia Park Drive, Raceland, LA",https://www.ochsner.org/locations/pharmacy-wellness-ochsne,(985) 297-6016
161,-90.806758,29.784826,Lafourche,Life Coast Community Health Center,1101 Audubon Avenue,Thibodaux,"1101 Audubon Avenue, Thibodaux, LA",https://www.lifecoasthealth.com/,(985) 492-6170
162,-90.81748,29.800761,Lafourche,Walgreens Pharmacy #4140,195 N Canal Boulevard,Thibodaux,"195 N Canal Boulevard, Thibodaux, LA",https://www.walgreens.com/covid19vac,
163,-90.805122,29.880028,Lafourche,Willow Bark Pharmacy #2,606 Highway 20,Thibodaux,"606 Highway 20, Thibodaux, LA",http://www.willowbarkpharmacy.com/about_us.html,(985) 633-2275
164,-92.169,31.69307,LaSalle,"Chaudhry Clinic, LLC",11809 Highway 84 West,Jena,"11809 Highway 84 West, Jena, LA",,(318) 992-4133
165,-92.717061,32.506984,Lincoln,PHSC Grambling Family Health Center,7604 Highway 80,Grambling,"7604 Highway 80, Grambling, LA",https://www.phsccenter.org/locations.php,(318) 596-1700
166,-92.639167,32.517048,Lincoln,Lincoln Community Health Center,1140 South Vienna Street,Ruston,"1140 South Vienna Street, Ruston, LA",https://docs.google.com/forms/d/e/1FAIpQLScoSyXmUE6w-llD,(318) 224-7190
167,-92.63884,32.522349,Lincoln,Prescription Shoppe Pharmacy Ruston,104 West Line Avenue,Ruston,"104 West Line Avenue, Ruston, LA",https://www.prescriptionshopperx.com/contact,(318) 255-7363
168,-92.637985,32.544804,Lincoln,Super 1 Pharmacy #617,1500 N Trenton Street,Ruston,"1500 N Trenton Street, Ruston, LA",https://www.super1foods.com/stores/ruston-617/6033,(318) 254-8256
169,-90.57749,30.50418,Livingston,Albany Drugs,19067 Florida Boulevard,Albany,"19067 Florida Boulevard, Albany, LA",https://www.albanydrugstore.com/contact,(225) 567-7772
170,-90.58236,30.49726,Livingston,"John's Pharmacy in Albany, LLC",29148 S. Montpelier Avenue,Albany,"29148 S. Montpelier Avenue, Albany, LA",https://www.johnspharmacyinalbany.com/contact/,(225) 567-1921
171,-90.957291,30.573527,Livingston,Bernard's Family Pharmacy,34876 Highway 1019,Denham Springs,"34876 Highway 1019, Denham Springs, LA",https://www.bernardsrx.com/contact,(225) 667-4286
172,-90.95639,30.44654,Livingston,Cypress Pharmacy,2920 South Range Avenue,Denham Springs,"2920 South Range Avenue, Denham Springs, LA",https://cypresspharmacyla.com/about/,(225) 998-1800
173,-90.955818,30.482532,Livingston,Walgreens #3180,101 Florida Avenue SE,Denham Springs,"101 Florida Avenue SE, Denham Springs, LA",https://www.walgreens.com/covid19vac,
174,-90.956375,30.573531,Livingston,Walgreens Pharmacy #10400,34865 LA Highway 16,Denham Springs,"34865 LA Highway 16, Denham Springs, LA",https://www.walgreens.com/covid19vac,
175,-90.563172,30.483629,Livingston,Southeast Community Health - Albany Pharm,30575 Old Baton Rouge Highwa,Hammond,"30575 Old Baton Rouge Highwa, Hammond, LA",https://www.shchc.org/locations,(225) 306-2050
176,-90.847467,30.335876,Livingston,"Chris' Pharmacy & Gifts of Port Vincent, LLC",18590 Highway 16,Port Vincent,"18590 Highway 16, Port Vincent, LA",https://www.chrispharmacyandgifts.com/contact,(225) 698-6888
177,-90.547647,30.428744,Livingston,Springfield Drug Store,31696 Highway 22,Springfield,"31696 Highway 22, Springfield, LA",https://www.springfielddrugstore.com/contact,(225) 294-5045
178,-90.861091,30.486914,Livingston,Walgreens #11762,10200 Florida Boulevard,Walker,"10200 Florida Boulevard, Walker, LA",https://www.walgreens.com/covid19vac,
179,-91.18446,32.40144,Madison,Neumann's Pharmacy,1009 Johnson Street,Tallulah,"1009 Johnson Street, Tallulah, LA",https://www.mygnp.com/pharmacies/neumanns-pharmacy-tal,(318) 574-1655
180,-91.91548,32.778129,Morehouse,Lee's City Drug,123 W Madison Avenue,Bastrop,"123 W Madison Avenue, Bastrop, LA",http://www.leescitydrug.com,(318) 281-1344
181,-91.884254,32.777334,Morehouse,Super 1 Pharmacy #603,2211 E Madison Avenue,Bastrop,"2211 E Madison Avenue, Bastrop, LA",https://www.super1foods.com/stores/bastrop-603/6020,(318) 281-3284
182,-91.79283,32.77513,Morehouse,Morehouse Community Medical Center - Mer,108 N 16th Street,Mer Rouge,"108 N 16th Street, Mer Rouge, LA",https://www.communihealth.org/,(318) 239-8010
183,-93.102939,31.780836,Natchitoches,Outpatient Medical Center Natchitoches,1640 Breazealle Springs Street,Natchitoches,"1640 Breazealle Springs Street, Natchitoches, LA",http://www.outpatientmedical.org,(318) 352-9299
184,-93.108503,31.770941,Natchitoches,Super 1 Pharmacy #604,5696 Highway 1 Bypass,Natchitoches,"5696 Highway 1 Bypass, Natchitoches, LA",https://www.super1foods.com/stores/natchitoches-604/6021,(318) 214-0050
185,-93.096243,31.72354,Natchitoches,Super 1 Pharmacy #613,318 Dixie Plaza,Natchitoches,"318 Dixie Plaza, Natchitoches, LA",https://www.super1foods.com/stores/natchitoches-613/6030,(318) 352-3141
186,-93.066978,31.750582,Natchitoches,Walmart Pharmacy #170/Natchitoches,925 Keyser Avenue,Natchitoches,"925 Keyser Avenue, Natchitoches, LA",https://www.walmart.com/store/170-natchitoches-la,(318) 352-1903
187,-90.033069,29.965495,Orleans,Baptist Community Health Services/St. Claud,4209 St. Claude Avenue,New Orleans,"4209 St. Claude Avenue, New Orleans, LA",https://bchsnola.org/,(504) 533-4999
188,-90.077676,29.976188,Orleans,Broad Avenue Pharmacy,1400 N Broad Street,New Orleans,"1400 N Broad Street, New Orleans, LA",,(504) 309-4384
189,-90.015529,29.919686,Orleans,Carr Drugs #1,3500 Holiday Drive,New Orleans,"3500 Holiday Drive, New Orleans, LA",https://www.carrdrugs.com/locations,(504) 367-5724
190,-90.085941,29.938631,Orleans,Crescent City Pharmacy,2240 Simon Bolivar Avenue,New Orleans,"2240 Simon Bolivar Avenue, New Orleans, LA",https://crescentcitypharmacy.com/locations,(504) 267-4100
191,-90.056687,29.974393,Orleans,CrescentCare Elysian Fields,1631 Elysian Fields Avenue,New Orleans,"1631 Elysian Fields Avenue, New Orleans, LA",https://crescentcarehealth.org/covid-19-testing-information/,(504) 821-2601
192,-90.097525,29.964705,Orleans,CrescentCare Health & Wellness Center,3308 Tulane Avenue,New Orleans,"3308 Tulane Avenue, New Orleans, LA",https://crescentcarehealth.org/,844-315-2273
193,-90.009344,29.93532,Orleans,Excelth Family Health - Algiers,4422 General Meyer Avenue,New Orleans,"4422 General Meyer Avenue, New Orleans, LA",https://www.excelth.com/algiers-family-health,(504) 526-1179
194,-90.085828,29.938371,Orleans,Genoa Healthcare Pharmacy #10916,2221 Phillip Street,New Orleans,"2221 Phillip Street, New Orleans, LA",https://www.genoahealthcare.com/locations/louisiana/,(504) 571-9120
195,-89.929319,30.032009,Orleans,Michoud Pharmacy,4646 Michoud Boulevard,New Orleans,"4646 Michoud Boulevard, New Orleans, LA",https://michoudpharmacy.com/contact/,(504) 435-1422
196,-89.931343,30.03048,Orleans,Noela Health Care Center,13085 Chef Menteur Highway,New Orleans,"13085 Chef Menteur Highway, New Orleans, LA",https://www.noelachc.org/contact/,(504) 255-8665
197,-90.104008,29.938548,Orleans,Ochsner Pharmacy and Wellness Baptist,2820 Napoleon Aveune,New Orleans,"2820 Napoleon Aveune, New Orleans, LA",https://www.ochsner.org/locations/pharmacy-wellness-ochsne,(504) 703-9640
198,-90.076035,30.02024,Orleans,Ochsner Pharmacy and Wellness Lake Terrac,1532 Robert E Lee Boulevard,New Orleans,"1532 Robert E Lee Boulevard, New Orleans, LA",https://www.ochsner.org/locations/pharmacy-wellness-lake-te,(504) 226-2033
199,-90.10083,29.950446,Orleans,South Broad Community Health Center,3300 S Broad Street,New Orleans,"3300 S Broad Street, New Orleans, LA",https://accesshealthla.org/location/south-broad-new-orleans/,(504) 309-5061
200,-89.966498,30.018195,Orleans,St. Bernard Drugs LLC #3,10200 Chef Menteur Highway,New Orleans,"10200 Chef Menteur Highway, New Orleans, LA",https://www.stbernarddrugs.com/contact-us,(504) 242-1100
201,-90.074357,29.930935,Orleans,St. Thomas Community Health Center - Maga,1936 Magazine Street,New Orleans,"1936 Magazine Street, New Orleans, LA",https://www.stthomaschc.org/locations/donald-t-erwin-center,(504) 529-5558
202,-90.058694,29.999715,Orleans,Walgreens #11414,3216 Gentilly Boulevard,New Orleans,"3216 Gentilly Boulevard, New Orleans, LA",https://www.walgreens.com/covid19vac,
203,-90.116639,29.920711,Orleans,Walgreens #15199,5518 Magazine Street,New Orleans,"5518 Magazine Street, New Orleans, LA",https://www.walgreens.com/covid19vac,
204,-90.087076,29.924115,Orleans,Walgreens #2640,3227 Magazine Street,New Orleans,"3227 Magazine Street, New Orleans, LA",https://www.walgreens.com/covid19vac,
205,-90.077835,29.936349,Orleans,Walgreens #5040,1801 St. Charles Avenue,New Orleans,"1801 St. Charles Avenue, New Orleans, LA",https://www.walgreens.com/covid19vac,
206,-90.063352,29.956584,Orleans,Walgreens Pharmacy #05551,619 Decatur Street,New Orleans,"619 Decatur Street, New Orleans, LA",https://www.walgreens.com/covid19vac,
207,-90.10638,30.00435,Orleans,Walgreens Pharmacy #17089,760 Harrison Avenue,New Orleans,"760 Harrison Avenue, New Orleans, LA",https://www.walgreens.com/covid19vac,
208,-90.0608,30.02213,Orleans,Walgreens Pharmacy #3558,6201 Elysian Fields Avenue,New Orleans,"6201 Elysian Fields Avenue, New Orleans, LA",https://www.walgreens.com/covid19vac,
209,-92.110529,32.520778,Ouachita,Aron's Pharmacy,1209 North 18th Street,Monroe,"1209 North 18th Street, Monroe, LA",,(318) 323-2242
210,-92.108142,32.535137,Ouachita,Bienville Med Center (Community Pharmacy,2123 Forsythe Avenue,Monroe,"2123 Forsythe Avenue, Monroe, LA",https://mycommunityrx.com/covid-19-vaccine/,
211,-92.116271,32.526408,Ouachita,Brookshires Pharmacy #034,1801 North 18th Street,Monroe,"1801 North 18th Street, Monroe, LA",https://www.brookshires.com/stores/monroe-34/6364,(318) 340-6470
212,-92.106393,32.49039,Ouachita,PHSC - S.D. HIll,850 South 2nd Street,Monroe,"850 South 2nd Street, Monroe, LA",https://www.phsccenter.org/alerts.php?id=8,(318) 651-0041
213,-92.08768,32.52019,Ouachita,PHSC - Women's Health Clinic,2915 Betin Street,Monroe,"2915 Betin Street, Monroe, LA",https://www.phsccenter.org/alerts.php?id=8,(318) 651-9945
214,-92.08768,32.52019,Ouachita,PHSC Desiard Primary Care Clinic,2913 Betin Street,Monroe,"2913 Betin Street, Monroe, LA",https://www.phsccenter.org/locations.php,(318) 388-1250
215,-92.113586,32.499967,Ouachita,RxONE St. Francis,309 Jackson Street,Monroe,"309 Jackson Street, Monroe, LA",https://stfran.com/services/pharmacy,(877) 612-8653
216,-92.09147,32.52458,Ouachita,Walgreens #9086,2801 Louisville Avenue,Monroe,"2801 Louisville Avenue, Monroe, LA",https://www.walgreens.com/covid19vac,
217,-92.044172,32.677233,Ouachita,Parkway Pharmacy,10374 Highway 165 North,Sterlington,"10374 Highway 165 North, Sterlington, LA",https://www.parkway-pharmacy.com/contact-us,(318) 812-2305
218,-92.149847,32.516643,Ouachita,Super 1 Pharmacy #602,2907 Cypress Street,W. Monroe,"2907 Cypress Street, W. Monroe, LA",https://www.super1foods.com/stores/west-monroe-602/6019,(318) 325-3142
219,-92.15009,32.5157,Ouachita,PHSC/West Monroe Family Health Center,301 McMillan Drive,West Monroe,"301 McMillan Drive, West Monroe, LA",https://www.phsccenter.org/alerts.php?id=8,(318) 737-7616
220,-92.157572,32.517734,Ouachita,Walgreens #06274,3304 Cypress Street,West Monroe,"3304 Cypress Street, West Monroe, LA",https://www.walgreens.com/covid19vac,
221,-92.191604,32.515547,Ouachita,Walgreens #10510,5349 Cypress Street,West Monroe,"5349 Cypress Street, West Monroe, LA",https://www.walgreens.com/covid19vac,
222,-89.71244,29.49417,Plaquemines,Delta Drugs of Port Sulphur,27136 Highway 23,Port Sulphur,"27136 Highway 23, Port Sulphur, LA",,(504) 564-3141
223,-91.679168,30.876245,Pointe Coupee,Innis Community Health Center,6450 LA Highway 1,Innis,"6450 LA Highway 1, Innis, LA",,(225) 492-3775
224,-91.464855,30.686708,Pointe Coupee,Super 1 Pharmacy #648,420 Hospital Road,New Roads,"420 Hospital Road, New Roads, LA",https://www.super1foods.com/stores/new-roads-648/6064,(225) 638-5151
225,-91.464629,30.688639,Pointe Coupee,Walmart Pharmacy #1196/New Roads,460 Hospital Road,New Roads,"460 Hospital Road, New Roads, LA",https://www.walmart.com/store/1196-new-roads-la,(225) 638-8616
226,-92.463416,31.273966,Rapides,Albertsons/Savon #3215,2265 S Macarthur Drive,Alexandria,"2265 S Macarthur Drive, Alexandria, LA",https://www.mhealthsystem.com/Albertsons3215,
227,-92.47433,31.28383,Rapides,Kroger Pharmacy #381,1422 MacArthur Drive,Alexandria,"1422 MacArthur Drive, Alexandria, LA",https://www.kroger.com/rx/guest/get-vaccinated,(318) 442-0512
228,-92.503569,31.296688,Rapides,Rapides PHU (@ Rapides Parish Coliseum),5600 Coliseum Boulevard,Alexandria,"5600 Coliseum Boulevard, Alexandria, LA",https://laredcap.oph.dhh.la.gov/surveys/?s=NL487F89T9,(318) 487-5282
229,-92.426336,31.285966,Rapides,"Rapides Primary Health Care Center, Inc.",1217 Willow Glen River Road,Alexandria,"1217 Willow Glen River Road, Alexandria, LA",http://www.rphcc.org/contact/,(318) 487-4400
230,-92.480896,31.296916,Rapides,Super 1 Pharmacy #601,604 MacArthur Drive,Alexandria,"604 MacArthur Drive, Alexandria, LA",https://www.super1foods.com/stores/alexandria-601/6018,(318) 442-5710
231,-92.480676,31.278466,Rapides,Walgreens #2012,4444 Jackson Street,Alexandria,"4444 Jackson Street, Alexandria, LA",https://www.walgreens.com/covid19vac,
232,-92.459477,31.2833,Rapides,Walgreens Pharmacy #1657,3333 Masonic Drive,Alexandria,"3333 Masonic Drive, Alexandria, LA",https://www.walgreens.com/covid19vac,
233,-92.230396,31.390841,Rapides,Louisiana Quick Care,12805 Highway 28 East,Pineville,"12805 Highway 28 East, Pineville, LA",,(318) 466-5151
234,-92.414671,31.35609,Rapides,Super 1 Pharmacy #609,2951 Cottingham Expressway,Pineville,"2951 Cottingham Expressway, Pineville, LA",https://www.super1foods.com/stores/pineville-609/6026,(318) 641-7131
235,-92.410575,31.363693,Rapides,Walgreens #9182,3400 Military Highway,Pineville,"3400 Military Highway, Pineville, LA",https://www.walgreens.com/covid19vac,
236,-93.34379,32.020503,Red River,Christus Coushatta Health Care Center,1635 Marvel Street,Coushatta,"1635 Marvel Street, Coushatta, LA",https://www.christushealth.org/coushatta,(318) 932-2184
237,-91.49348,32.455986,Richland,Delhi Community Health Center,109 Elm Street,Delhi,"109 Elm Street, Delhi, LA",http://www.dchc-delhi.com/contact-.html,(318) 878-6650
238,-91.493304,32.453471,Richland,Delhi Health Center Pharmacy,414 Broadway Street,Delhi,"414 Broadway Street, Delhi, LA",https://www.facebook.com/delhihealthcenterla/?ref=py_c,(318) 878-5104
239,-91.760772,32.461476,Richland,Rayville Family Clinic,1962 Julia Street,Rayville,"1962 Julia Street, Rayville, LA",,(318) 728-8833
240,-93.489366,31.566672,Sabine,Walgreens #12306,280 San Antionio Avenue,Many,"280 San Antionio Avenue, Many, LA",https://www.walgreens.com/covid19vac,
241,-93.478448,31.567296,Sabine,Walmart Pharmacy #876/Many,25800 Highway 171,Many,"25800 Highway 171, Many, LA",https://www.walmart.com/store/876-many-la,(318) 256-6378
242,-89.985269,29.955639,St. Bernard,St. Bernard Community Health Center,8050 W. Judge Perez Drive,Chalmette,"8050 W. Judge Perez Drive, Chalmette, LA",https://accesshealthla.org/location/st-bernard-chalmette/,(504) 281-2800
243,-89.964621,29.942349,St. Bernard,Walgreens #7415,100 W Judge Perez Drive,Chalmette,"100 W Judge Perez Drive, Chalmette, LA",https://www.walgreens.com/covid19vac,
244,-89.986012,29.9579,St. Bernard,Walmart Pharmacy #909/Chalmette,8101 W Judge Perez Drive,Chalmette,"8101 W Judge Perez Drive, Chalmette, LA",https://www.walmart.com/store/909-chalmette-la,(504) 278-2027
245,-89.922323,29.936037,St. Bernard,Walgreens #13586,4141 E Judge Perez Drive,Meraux,"4141 E Judge Perez Drive, Meraux, LA",https://www.walgreens.com/covid19vac,
246,-90.387907,29.901651,St. Charles,Walgreens Pharmacy #9861,13500 Highway 90,Boutte,"13500 Highway 90, Boutte, LA",https://www.walgreens.com/covid19vac,
247,-90.364112,29.977557,St. Charles,NOLA Discount Pharmacy of Destrahan,3001 Ormond Boulevard,Destrehan,"3001 Ormond Boulevard, Destrehan, LA",https://www.nolapharmacy.com/locations/destrehan-location,(985) 307-0800
248,-90.367517,29.946388,St. Charles,Ochsner Pharmacy and Wellness Destrehan,13100 River Road,Destrehan,"13100 River Road, Destrehan, LA",https://www.ochsner.org/locations/pharmacy-wellness-destreh,(985) 240-4610
249,-90.369416,29.923169,St. Charles,St. Charles Community Health Center - Luling,843 Milling Avenue,Luling,"843 Milling Avenue, Luling, LA",https://accesshealthla.org/location/st-charles-luling/,(985) 785-5800
250,-90.75244,30.866592,St. Helena,Greensburg Family Pharmacy,6166 Highway 10,Greensburg,"6166 Highway 10, Greensburg, LA",https://www.greensburgfamilypharmacy.com/contact,(225) 222-4279
251,-90.70003,30.82744,St. Helena,Southeast Community Health - Greensburg,490 Sitman Street,Greensburg,"490 Sitman Street, Greensburg, LA",https://www.shchc.org/locations,(225) 306-2070
252,-90.695058,30.064096,St. James,Gem Drugs - Gramercy,1635 Highway 3125,Gramercy,"1635 Highway 3125, Gramercy, LA",https://www.gemdrugs.com/,(225) 869-3651
253,-90.69655,30.06354,St. James,SouthStar Urgent Care Gramercy,1665 LA Highway 3125,Gramercy,"1665 LA Highway 3125, Gramercy, LA",https://hulinhealth.com/index.cfm?e=inner4&itemcategory=91,(337) 465-4600
254,-90.501466,30.072646,St. John the Baptist,Walgreens #5801,1815 W Airline Highway,La Place,"1815 W Airline Highway, La Place, LA",https://www.walgreens.com/covid19vac,
255,-90.495484,30.075375,St. John the Baptist,Medicine Shoppe #1030,70 Dominican Drive,LaPlace,"70 Dominican Drive, LaPlace, LA",https://laplace.medicineshoppe.com/contact,(985) 652-1245
256,-90.501223,30.073943,St. John the Baptist,The Urgent Care - Laplace,113 Belle Terre Boulevard,Laplace,"113 Belle Terre Boulevard, Laplace, LA",https://www.theurgentcare.com/contact-us/,(985) 212-8631
257,-90.552037,30.054945,St. John the Baptist,Gem Drugs - Reserve,139 Central Avenue,Reserve,"139 Central Avenue, Reserve, LA",https://www.gemdrugs.com/,(985) 536-3957
258,-92.428202,30.487732,St. Landry,Maple Avenue Pharmacy,1200 W Maple Avenue,Eunice,"1200 W Maple Avenue, Eunice, LA",https://www.mapleavepharmacy.com/contact,(337) 457-5216
259,-92.4343,30.49506,St. Landry,Super 1 Pharmacy #637,1800 W Laurel Street,Eunice,"1800 W Laurel Street, Eunice, LA",https://www.super1foods.com/stores/eunice-637/6053,(337) 457-0878
260,-92.07586,30.54336,St. Landry,Ken's Thrifty Way Pharmacy,517 E Prudhomme Street,Opelousas,"517 E Prudhomme Street, Opelousas, LA",https://www.kensthriftyway.com/locations/opelousas,(337) 942-7551
261,-92.082836,30.516221,St. Landry,Lagniappe Pharmacy #6,1717 S Union Street,Opelousas,"1717 S Union Street, Opelousas, LA",,(337) 948-7703
262,-92.08629,30.507479,St. Landry,Super 1 Pharmacy #636,2418 South Union Street,Opelousas,"2418 South Union Street, Opelousas, LA",https://www.super1foods.com/stores/opelousas-636/6052,(337) 942-3674
263,-92.078625,30.470187,St. Landry,"The Family Clinic, Opelousas",3921 I-49 S Service Road,Opelousas,"3921 I-49 S Service Road, Opelousas, LA",,(337) 942-5706
264,-92.09903,30.53516,St. Landry,Thrifty Way at The Cottage,1406 W Landry Street,Opelousas,"1406 W Landry Street, Opelousas, LA",http://thriftywayatthecottage.com,(337) 942-2653
265,-91.849149,30.301678,St. Martin,Bon Ami Pharmacy,2825 Grand Point Highway 9,Breaux Bridge,"2825 Grand Point Highway 9, Breaux Bridge, LA",https://www.bonamipharmacy.com/contact,(337) 454-6536
266,-91.889727,30.280814,St. Martin,"Hollier's Family Pharmacy, LLC",1456 E Bridge Street,Breaux Bridge,"1456 E Bridge Street, Breaux Bridge, LA",http://hollierspharmacy.com/,(337) 257-5022
267,-91.901819,30.282637,St. Martin,Super 1 Pharmacy #646,924 Rees Street,Breaux Bridge,"924 Rees Street, Breaux Bridge, LA",https://www.super1foods.com/stores/breaux-bridge-646/6062,(337) 332-6339
268,-91.836361,30.115587,St. Martin,St. Martin Parish Community Health Center,317 Dernier Street,St. Martinville,"317 Dernier Street, St. Martinville, LA",https://www.icchc.org/st-martinville-la,(337) 342-2566
269,-91.505612,29.799123,St. Mary,Teche Action Clinic Franklin,1115 Weber Street,Franklin,"1115 Weber Street, Franklin, LA",,(337) 828-2550
270,-91.513861,29.813546,St. Mary,Walmart Pharmacy #311/Franklin,200 Northwest Boulevard,Franklin,"200 Northwest Boulevard, Franklin, LA",https://www.walmart.com/store/311-franklin-la,(337) 828-4493
271,-91.20335,29.70214,St. Mary,Walgreens #10975,815 Brashear Avenue,Morgan City,"815 Brashear Avenue, Morgan City, LA",https://www.walgreens.com/covid19vac,
272,-90.041278,30.459442,St. Tammany,Walgreens #11996,70997 Highway 59,Abita Springs,"70997 Highway 59, Abita Springs, LA",https://www.walgreens.com/covid19vac,
273,-90.12984,30.4603,St. Tammany,Ochsner Pharmacy and Wellness Covington,1000 Ochsner Boulevard,Covington,"1000 Ochsner Boulevard, Covington, LA",https://www.ochsner.org/locations/pharmacy-wellness-covingt,(985) 871-2549
274,-90.09746,30.492266,St. Tammany,Start Community Health Center,1505 N Florida Boulevard,Covington,"1505 N Florida Boulevard, Covington, LA",,(985) 900-1626
275,-90.08622,30.475215,St. Tammany,Walgreens #3990,1203 Business 190,Covington,"1203 Business 190, Covington, LA",https://www.walgreens.com/covid19vac,
276,-90.110518,30.490947,St. Tammany,Walgreens Pharmacy #9645,73626 Highway 25,Covington,"73626 Highway 25, Covington, LA",https://www.walgreens.com/covid19vac,
277,-90.094743,30.395451,St. Tammany,Baham Pharmacy & Wellness,3916 Highway 22,Mandeville,"3916 Highway 22, Mandeville, LA",https://www.bahampharmacy.com/contact-us/,(985) 273-5099
278,-90.063029,30.363683,St. Tammany,Walgreens Pharmacy #06849,2050 Florida Street,Mandeville,"2050 Florida Street, Mandeville, LA",https://www.walgreens.com/covid19vac,
279,-89.755616,30.364578,St. Tammany,"Miley Meds Pharmacy, LLC",64288 Highway 41,Pearl River,"64288 Highway 41, Pearl River, LA",https://mileymeds.com/,(985) 256-7222
280,-89.72285,30.29065,St. Tammany,Finnan's Family Pharmacy,3044 Gause Boulevard East,Slidell,"3044 Gause Boulevard East, Slidell, LA",https://finnansfamilypharmacy.com/contact,(985) 288-5899
281,-89.784066,30.272393,St. Tammany,Genoa Healthcare Pharmacy #20281,2331 Carey Street,Slidell,"2331 Carey Street, Slidell, LA",https://www.genoahealthcare.com/locations/louisiana/,(985) 718-4253
282,-89.770114,30.290784,St. Tammany,Medicine Shoppe #0025,999 Robert Boulevard,Slidell,"999 Robert Boulevard, Slidell, LA",https://slidell.medicineshoppe.com/contact,(985) 643-7894
283,-89.769353,30.284411,St. Tammany,Ochsner Pharmacy and Wellness Slidell Mem,1051 Gause Boulevard,Slidell,"1051 Gause Boulevard, Slidell, LA",https://www.ochsner.org/locations/ochsner-pharmacy-and-wel,(985) 639-3726
284,-89.778949,30.285476,St. Tammany,Walgreens #4007,1260 Front Street,Slidell,"1260 Front Street, Slidell, LA",https://www.walgreens.com/covid19vac,
285,-90.510775,30.72404,Tangipahoa,Drive-In Drug Store,228 S First Street,Amite,"228 S First Street, Amite, LA",https://www.driveindrugstore.com/contact,(985) 748-8307
286,-90.479985,30.499704,Tangipahoa,Albertsons/Savon #714,1801 W Thomas Street,Hammond,"1801 W Thomas Street, Hammond, LA",https://www.mhealthsystem.com/Albertsons0714,
287,-90.48215,30.50082,Tangipahoa,Channell Drugs,1812 W Thomas Street,Hammond,"1812 W Thomas Street, Hammond, LA",https://www.channelldrugs.com/contact,(985) 345-4767
288,-90.425722,30.522467,Tangipahoa,Genoa Healthcare Pharmacy #20043,835 Pride Drive,Hammond,"835 Pride Drive, Hammond, LA",https://www.genoahealthcare.com/locations/louisiana/,(985) 277-1440
289,-90.501196,30.635633,Tangipahoa,Pete's Family Pharmacy,539 W Railroad Avenue,Independence,"539 W Railroad Avenue, Independence, LA",https://www.petesfamilypharmacy.com/contact,(985) 878-6321
290,-90.500222,30.636463,Tangipahoa,Southeast Community Health - Independence,336 East Railroad Avenue,Independence,"336 East Railroad Avenue, Independence, LA",https://www.shchc.org/locations,(225) 306-2060
291,-90.50871,30.936499,Tangipahoa,Schilling Pharmacy,210 Avenue G,Kentwood,"210 Avenue G, Kentwood, LA",https://www.facebook.com/Schillings-Pharmacy-Gifts-2264026,(985) 269-1817
292,-90.519204,30.93775,Tangipahoa,Southeast Community Health - Kentwood Pha,721 Avenue G,Kentwood,"721 Avenue G, Kentwood, LA",https://www.shchc.org/locations,(225) 306-2100
293,-90.45652,30.45354,Tangipahoa,Floyd's Family Pharmacy,1625 Highway 51 North,Ponchatoula,"1625 Highway 51 North, Ponchatoula, LA",https://www.floydsfamilypharmacy.com/locations/ponchatoula,(985) 386-2232
294,-90.413832,30.44331,Tangipahoa,Ponchatoula Family Pharmacy,19008 Highway 22,Ponchatoula,"19008 Highway 22, Ponchatoula, LA",https://www.ponchatoulafamilypharmacy.com/contact,(985) 386-6556
295,-90.343442,30.504839,Tangipahoa,Robert Pharmacy,44354 Highway 445,Robert,"44354 Highway 445, Robert, LA",mailto:robert_pharmacy@yahoo.com ,(985) 348-1213
296,-91.2334,31.9185,Tensas,Fred's Pharmacy #3861,705 Plank Road Highway 128,St. Joseph,"705 Plank Road Highway 128, St. Joseph, LA",https://www.facebook.com/ExpressRxStJoseph/,(318) 766-4563
297,-91.23663,31.91707,Tensas,Tensas Community Health Center,402 Levee Street,St. Joseph,"402 Levee Street, St. Joseph, LA",https://www.tensashealth.com/home,(318) 766-1967
298,-90.595046,29.443855,Terrebonne,Wolfe's Pharmacy,5458 Highway 56,Chauvin,"5458 Highway 56, Chauvin, LA",https://www.wolfespharmacy.com/,(985) 594-5821
299,-90.721566,29.597596,Terrebonne,Peoples Drug Store,7869 Main Street,Houma,"7869 Main Street, Houma, LA",https://www.peoplesdrugstoreinc.com/contact,(985) 873-8526
300,-90.687546,29.579615,Terrebonne,Pharmacy Express,1963 Prospect Boulevard,Houma,"1963 Prospect Boulevard, Houma, LA",https://www.facebook.com/Pharmacy-Express-1111545539351,(985) 873-0100
301,-90.727446,29.580445,Terrebonne,Start Community Health Center,235 Civic Center Blvd.,Houma,"235 Civic Center Blvd., Houma, LA",http://www.startcorp.org/community-health-center/houma-se,(985) 333-2020
302,-90.746843,29.60477,Terrebonne,Walgreens #7095,1435 W Tunnel Boulevard,Houma,"1435 W Tunnel Boulevard, Houma, LA",https://www.walgreens.com/covid19vac,
303,-90.69262,29.584557,Terrebonne,Walmart Pharmacy #3483/Houma,933 Grand Caillou Road,Houma,"933 Grand Caillou Road, Houma, LA",https://www.walmart.com/store/3483-houma-la,(985) 917-0121
304,-90.74693,29.60688,Terrebonne,Walmart Pharmacy #542/Houma,1633 Martin Luther King Jr Boul,Houma,"1633 Martin Luther King Jr Boul, Houma, LA",https://www.walmart.com/store/542-houma-la,(985) 851-3284
305,-92.65657397,32.82186599,Union,Bernice Pharmacy,417 E Main Street,Bernice,"417 East Main Street, Bernice, LA",,(318) 285-9521
306,-92.398252,32.772169,Union,Brookshires Pharmacy #038,1018 Sterlington Highway,Farmerville,"1018 Sterlington Highway, Farmerville, LA",https://www.brookshires.com/stores/farmerville-38/6368,(318) 368-2218
307,-92.252577,32.900192,Union,Matte's Pharmacy Inc.,314 Main Street,Marion,"314 Main Street, Marion, LA",https://stores.healthmart.com/mattespharmacy/our_pharmacy,(318) 292-4570
308,-92.24379,32.90153,Union,Morehouse Community Medical Center - Mar,335 Main Street,Marion,"335 Main Street, Marion, LA",,(318) 292-2795
309,-92.128017,29.964683,Vermilion,Super 1 Pharmacy #638,2210 Veterans Memorial Drive,Abbeville,"2210 Veterans Memorial Drive, Abbeville, LA",https://www.super1foods.com/stores/abbeville-638/6054,(337) 898-1929
310,-92.10524,29.97343,Vermilion,Thrifty Way Pharmacy of Abbeville,2640 North Drive,Abbeville,"2640 North Drive, Abbeville, LA",https://thriftywayrx.com/contact-us/,(337) 893-6304
311,-92.134816,29.980555,Vermilion,Walgreens Pharmacy #07393,2201 Veterans Memorial Drive,Abbeville,"2201 Veterans Memorial Drive, Abbeville, LA",https://www.walgreens.com/covid19vac,
312,-92.12589,29.9726,Vermillion,Abbeville Community Health Center,1009 Charity Street,Abbeville,"1009 Charity Street, Abbeville, LA",https://www.icchc.org/abbeville-la,(337) 893-3443
313,-93.270282,31.135257,Vernon,Outpatient Medical Center Leesville,908 S 10th Street,Leesville,"908 S 10th Street, Leesville, LA",http://www.outpatientmedical.org,(337) 238-1274
314,-93.267809,31.124498,Vernon,Walgreens #10538,2008 S 5th Street,Leesville,"2008 S 5th Street, Leesville, LA",https://www.walgreens.com/covid19vac,
315,-89.810105,30.96552,Washington,Sumrall's Pharmacy,30304 Highway 21,Angie,"30304 Highway 21, Angie, LA",,(985) 986-4433
316,-89.851705,30.758395,Washington,Nielsen's Pharmacy,1619 S Columbia Street,Bogalusa,"1619 S Columbia Street, Bogalusa, LA",mailto:nielsens_pharmacy@yahoo.com ,(985) 732-7481
317,-90.01313,30.907067,Washington,"Creel's Family Pharmacy, LLC",26496 Highway 62,Franklinton,"26496 Highway 62, Franklinton, LA",https://www.facebook.com/Creels-Family-Pharmacy-25836314,(985) 848-5555
318,-93.269149,32.622056,Webster,Walgreens #15402,625 Homer Road,Minden,"625 Homer Road, Minden, LA",https://www.walgreens.com/covid19vac,
319,-93.251231,32.628032,Webster,Walmart Pharmacy #87/Minden,1379 Homer Road,Minden,"1379 Homer Road, Minden, LA",https://www.walmart.com/store/87-minden-la,(318) 377-8211
320,-93.462143,32.991421,Webster,Springhill Family Pharmacy,1190 S Arkansas Street,Springhill,"1190 S Arkansas Street, Springhill, LA",https://www.springhillfamilypharmacy.com/,(318) 539-3258
321,-91.20979,30.45373,West Baton Rouge,Walgreens #15366,220 N Alexander Avenue,Port Allen,"220 N Alexander Avenue, Port Allen, LA",https://www.walgreens.com/covid19vac,
322,-91.216871,30.420709,West Baton Rouge,Walmart Pharmacy #1136/Port Allen,3255 LA Highway 1 South,Port Allen,"3255 LA Highway 1 South, Port Allen, LA",https://www.walmart.com/store/1136-port-allen-la,(225) 749-7454
323,-91.398237,32.859699,West Carroll,Perkins Family Pharmacy,803 E Main Street,Oak Grove,"803 E Main Street, Oak Grove, LA",https://www.perkinsfamilypharmacy.com/oak-grove,(318) 372-5419
324,-91.383027,32.868303,West Carroll,West Carroll Memorial Hospital,706 Ross Street,Oak Grove,"706 Ross Street, Oak Grove, LA",,(318) 428-4964
325,-91.37725,30.8006,West Feliciana,St. Francisville Pharmacy,7189 Highway 61,St. Francisville,"7189 Highway 61, St. Francisville, LA",https://www.facebook.com/st.franpharm/,(225) 245-5141
326,-92.653634,31.934926,Winn,Fred's Pharmacy #3231,2001 W Court Street,Winnfield,"2001 W Court Street, Winnfield, LA",,(318) 648-6410
327,-92.66671,31.90599,Winn,Walmart Pharmacy #244/Winnfield,5940 Highway 167 North,Winnfield,"5940 Highway 167 North, Winnfield, LA",https://www.walmart.com/store/244-winnfield-la,(318) 628-4690